[{"name":"La Journée du domaine public","date":"01-01"},{"name":"La Journée Mondiale de la Paix","date":"01-01"},{"name":"La Journée mondiale du braille","date":"01-04"},{"name":"La Journée Mondiale des orphelins de guerre","date":"01-06"},{"name":"La La journée de la quenouille","date":"01-07"},{"name":"La Journée internationale du bain moussant","date":"01-08"},{"name":"La Journée mondiale de la Corse","date":"01-09"},{"name":"La Journée mondiale de la langue hindi","date":"01-10"},{"name":"La Journée mondiale Tintin","date":"01-10"},{"name":"La Journée mondiale 'merci'","date":"01-11"},{"name":"La Kiss a Ginger day*","date":"01-12"},{"name":"La Journée mondiale sans pantalon","date":"01-13"},{"name":"La Journée nationale de l'hypersensibilité","date":"01-13"},{"name":"La Journée mondiale de la logique","date":"01-14"},{"name":"La Blue monday","date":"01-17"},{"name":"La Journée Internationale de la cuisine italienne","date":"01-17"},{"name":"La Journée internationale du Pop Corn","date":"01-19"},{"name":"La Journée internationale des câlins","date":"01-21"},{"name":"La Journée franco-allemande","date":"01-22"},{"name":"La Journée mondiale des solitudes","date":"01-23"},{"name":"La Journée Internationale de l'éducation","date":"01-24"},{"name":"La Journée mondiale de la culture africaine et afro-descendante","date":"01-24"},{"name":"La Journée Internationale du sport féminin","date":"01-24"},{"name":"La Journée Mondiale de la Douane et sur l'éthique","date":"01-26"},{"name":"La Journée de la mémoire de l'Holocauste et de la prévention des crimes contre l'humanité","date":"01-27"},{"name":"La Journée mondiale de la protection des données","date":"01-28"},{"name":"La Journée mondiale du caviardage","date":"01-29"},{"name":"La Journée Mondiale des lépreux","date":"01-30"},{"name":"La Journée Mondiale des Zones Humides","date":"02-02"},{"name":"La Journée mondiale de la vie consacrée","date":"02-02"},{"name":"La Journée de la marmotte","date":"02-02"},{"name":"La Journée internationale sans paille","date":"02-03"},{"name":"La Journée internationale de la fraternité humaine","date":"02-04"},{"name":"La Journée Mondiale contre le cancer","date":"02-04"},{"name":"La Journée mondiale du Nutella","date":"02-05"},{"name":"La La Journée Mondiale des intelligences animales","date":"02-05"},{"name":"La Journée internationale contre les mutilations génitales féminines","date":"02-06"},{"name":"La Journées Mondiales sans téléphone mobile","date":"02-07"},{"name":"La Journée mondiale pour un internet plus sur","date":"02-08"},{"name":"La Journée mondiale de prière et de réflexion sur la traite des êtres humains","date":"02-08"},{"name":"La Journée internationale des légumineuses","date":"02-10"},{"name":"La Journée internationale des femmes et des filles de science","date":"02-11"},{"name":"La Journée mondiale des malades","date":"02-11"},{"name":"La Journée européenne du 112","date":"02-11"},{"name":"La Journée internationale Darwin","date":"02-12"},{"name":"La Journée Internationale des enfants soldats","date":"02-12"},{"name":"La Journée mondiale de la radio","date":"02-13"},{"name":"La Journée internationale de sensibilisation aux cardiopathies congénitales","date":"02-14"},{"name":"La Journée internationale de l'épilepsie","date":"02-14"},{"name":"La Journée internationale du Syndrome d'Angelman","date":"02-15"},{"name":"La Journée internationale du cancer de l’enfant","date":"02-15"},{"name":"La Journée mondiale d'action en faveur du droit de grève","date":"02-18"},{"name":"La Journée mondiale du pangolin","date":"02-19"},{"name":"La Journée internationale de la baleine","date":"02-19"},{"name":"La Journée mondiale de la justice sociale","date":"02-20"},{"name":"La Journée mondiale pour sauver les ours","date":"02-21"},{"name":"La Journée internationale des guides touristiques","date":"02-21"},{"name":"La Journée Internationale du patrimoine canadien","date":"02-21"},{"name":"La Journée Internationale de la langue maternelle","date":"02-21"},{"name":"La Journée Mondiale du Scoutisme","date":"02-22"},{"name":"La Journée Mondiale d'action contre l'ordonnance sur les brevets en Inde","date":"02-26"},{"name":"La Journée mondiale des ONG","date":"02-27"},{"name":"La journée mondiale de l'anosmie","date":"02-27"},{"name":"La Journée internationale de l'ours polaire","date":"02-27"},{"name":"La Journée internationale des maladies rares","date":"02-28"},{"name":"La Journée mondiale sans Facebook","date":"02-28"},{"name":"La Journée mondiale du compliment","date":"03-01"},{"name":"La Journée mondiale de la protection civile","date":"03-01"},{"name":"La Journée mondiale de la vie sauvage","date":"03-03"},{"name":"La Journée mondiale de l'ingénierie pour le développement durable","date":"03-04"},{"name":"La Journée mondiale de l'obésité","date":"03-04"},{"name":"La Journée mondiale de lutte contre l'exploitation sexuelle","date":"03-04"},{"name":"La Journée mondiale de prière","date":"03-04"},{"name":"La La journée jaune","date":"03-04"},{"name":"La Jour de l'impro","date":"03-05"},{"name":"La Journée Internationale de la radio et de la télévision en faveur des enfants","date":"03-06"},{"name":"La Journée Mondiale du Lymphœdème","date":"03-06"},{"name":"La Semaine des mathématiques","date":"03-07"},{"name":"La Journée internationale des femmes","date":"03-08"},{"name":"La on en profite pour vous dire merci mesdames*","date":"03-09"},{"name":"La Journée nationale de l'audition","date":"03-10"},{"name":"La Journée Mondiale du rein","date":"03-10"},{"name":"La Journée mondiale de la plomberie","date":"03-11"},{"name":"La Journée internationale des startups","date":"03-11"},{"name":"La La journée mondiale du pyjama","date":"03-11"},{"name":"La Journée mondiale contre la censure sur internet","date":"03-12"},{"name":"La Journée mondiale du Pi et Journée internationale des mathématiques","date":"03-14"},{"name":"La Semaine internationale de la courtoisie au volant","date":"03-14"},{"name":"La Journée internationale d'action pour les rivières","date":"03-14"},{"name":"La Semaine nationale de lutte contre le cancer","date":"03-14"},{"name":"La Journée mondiale du travail social","date":"03-15"},{"name":"La Journée Internationale des droits des consommateurs","date":"03-15"},{"name":"La Journée mondiale du recyclage","date":"03-18"},{"name":"La Journée nationale du sommeil","date":"03-18"},{"name":"La Cyber World Clean'Up day","date":"03-19"},{"name":"La Journée international du canari","date":"03-19"},{"name":"La Journée mondiale de la Schizophrénie","date":"03-19"},{"name":"La Journée internationale de lutte contre les violences policières","date":"03-20"},{"name":"La Semaine internationale pour les alternatives aux pesticides","date":"03-20"},{"name":"La Journée mondiale du bonheur","date":"03-20"},{"name":"La Journée mondiale du moineau","date":"03-20"},{"name":"La Journée internationale sans viande","date":"03-20"},{"name":"La Journée Mondiale de la santé bucco-dentaire","date":"03-20"},{"name":"La Journée Mondiale du Conte","date":"03-20"},{"name":"La Journée Internationale de la francophonie","date":"03-20"},{"name":"La Journée(s) internationale(s) du livre voyageur","date":"03-20"},{"name":"La Journée internationale du macaron","date":"03-20"},{"name":"La Journée mondiale du rangement de bureaux","date":"03-21"},{"name":"La Journée Mondiale de la Poésie","date":"03-21"},{"name":"La Journée mondiale de la marionnette","date":"03-21"},{"name":"La Journée Mondiale de la Trisomie 21","date":"03-21"},{"name":"La Journée internationale de Nowruz","date":"03-21"},{"name":"La Journée Internationale des forêts","date":"03-21"},{"name":"La Journée Internationale pour l'élimination de la discrimination raciale","date":"03-21"},{"name":"La Journée européenne de la musique ancienne","date":"03-21"},{"name":"La Journée Mondiale de l'eau","date":"03-22"},{"name":"La Journée mondiale des doulas","date":"03-22"},{"name":"La Journée Mondiale de la Météorologie","date":"03-23"},{"name":"La Journée internationale pour le droit à la vérité","date":"03-24"},{"name":"La Journée Mondiale de lutte contre la tuberculose","date":"03-24"},{"name":"La Journée mondiale pour la fin de la pêche","date":"03-24"},{"name":"La Journée Européenne de la glace artisanale","date":"03-24"},{"name":"La Tolkien reading day","date":"03-25"},{"name":"La Journée mondiale contre la publicité","date":"03-25"},{"name":"La Grève mondiale pour le climat","date":"03-25"},{"name":"La Journée de la procrastination","date":"03-25"},{"name":"La Journée Européenne de l'enfant à naître","date":"03-25"},{"name":"La Journée mondiale contre l'endométriose","date":"03-26"},{"name":"La Journée nationale du fromage","date":"03-27"},{"name":"La Journée Mondiale du théâtre","date":"03-27"},{"name":"La Journée mondiale du Big Bang","date":"03-28"},{"name":"La Journée Mondiale des troubles bipolaires","date":"03-30"},{"name":"La Journée Internationale de la Visibilité Trans","date":"03-31"},{"name":"La Journée mondiale de la sauvegarde des données informatiques","date":"03-31"},{"name":"La Journée internationale de la blague","date":"04-01"},{"name":"La Journée mondiale de sensibilisation à l'autisme","date":"04-02"},{"name":"La Journée mondiale de batailles d'oreillers","date":"04-02"},{"name":"La Journée internaionale du livre pour enfants","date":"04-02"},{"name":"La Journée internationale de la sensibilisation au problème des mines et de l'assistance à la lutte antimines","date":"04-04"},{"name":"La Journée mondiale du travail invisible","date":"04-05"},{"name":"La Journée Nationale du Syndrome du bébé secoué","date":"04-05"},{"name":"La Journée internationale de la conscience","date":"04-05"},{"name":"La Journée mondiale du sport pour le développement et la paix","date":"04-06"},{"name":"La Journée Internationale de réflexion sur le génocide de 1994 au Rwanda","date":"04-07"},{"name":"La Journée Mondiale de la santé","date":"04-07"},{"name":"La Journée internationale des Roms","date":"04-08"},{"name":"La Journée nationale des ambulanciers","date":"04-08"},{"name":"La Journée mondiale de la licorne","date":"04-09"},{"name":"La Journée internationale des frères et sœurs","date":"04-10"},{"name":"La Journée Mondiale de la maladie de Parkinson","date":"04-11"},{"name":"La Journée des enfants des rues","date":"04-12"},{"name":"La Journée internationale du vol spatial habité","date":"04-12"},{"name":"La Journée mondiale du scrabble","date":"04-13"},{"name":"La Journées internationales de la Gastronomie","date":"04-14"},{"name":"La Journée mondiale de la maladie de Chagas","date":"04-14"},{"name":"La Journée Mondiale de l'Art","date":"04-15"},{"name":"La Journée Mondiale contre l'esclavage des enfants","date":"04-16"},{"name":"La Journée mondiale de la voix","date":"04-16"},{"name":"La Journées nationales des numismates","date":"04-17"},{"name":"La Journée Mondiale de l'hémophilie","date":"04-17"},{"name":"La Journée Mondiale des luttes paysannes","date":"04-17"},{"name":"La Journée internationale des monuments et des sites","date":"04-18"},{"name":"La Journée mondiale des radio amateurs","date":"04-18"},{"name":"La Journée Mondiale du cirque","date":"04-19"},{"name":"La Journée internationale de la langue chinoise","date":"04-20"},{"name":"La Journée Mondiale des adjoint(e)s administratifs (-ves) et secrétaires","date":"04-21"},{"name":"La Journée mondiale de la créativité et de l’innovation","date":"04-21"},{"name":"La Journée Mondiale de la Terre","date":"04-22"},{"name":"La Semaine mondiale des Déficits Immunitaires Primitifs","date":"04-22"},{"name":"La Disquaire day","date":"04-23"},{"name":"La Journée Mondiale du livre et du droit d'auteur","date":"04-23"},{"name":"La Journée nationale des véhicules d'époque","date":"04-24"},{"name":"La Journée mondiale de la lutte contre les méningites","date":"04-24"},{"name":"La Fashion Revolution Day","date":"04-24"},{"name":"La Journée Mondiale de la photographie au Sténopé","date":"04-24"},{"name":"La Journée Mondiale des animaux dans les laboratoires","date":"04-24"},{"name":"La Journée Mondiale pour la sauvegarde du lien parental","date":"04-25"},{"name":"La Journée Mondiale des Manchots","date":"04-25"},{"name":"La Journée Mondiale du paludisme","date":"04-25"},{"name":"La Journée Mondiale de la propriété intellectuelle","date":"04-26"},{"name":"La La Journée internationale des chiens-guides","date":"04-27"},{"name":"La Journée Mondiale sur la sécurité et la santé au travail","date":"04-28"},{"name":"La Journée Internationale de la danse","date":"04-29"},{"name":"La Journée de la non-violence éducative","date":"04-30"},{"name":"La Journée Mondiale des Mobilités et de l'Accessibilité","date":"04-30"},{"name":"La Journée Internationale du Jazz","date":"04-30"},{"name":"La Journée Mondiale du rire","date":"05-01"},{"name":"La Journée Internationale des Mères endeuillées","date":"05-01"},{"name":"La Journée mondiale du travail","date":"05-01"},{"name":"La Journée mondiale du thon","date":"05-02"},{"name":"La Journée du soleil","date":"05-03"},{"name":"La Journée Mondiale de l'asthme","date":"05-03"},{"name":"La Journée Mondiale de la liberté de la presse","date":"05-03"},{"name":"La Journée internationale des pompiers","date":"05-04"},{"name":"La Journée Star wars","date":"05-04"},{"name":"La Journée mondiale de la langue portugaise","date":"05-05"},{"name":"La Journée du Patrimoine mondial Africain","date":"05-05"},{"name":"La Journée mondiale de l'hygiène des mains","date":"05-05"},{"name":"La Journée Mondiale de la Sage-Femme","date":"05-05"},{"name":"La Journée Mondiale du coloriage","date":"05-06"},{"name":"La journée mondiale du mot de passe","date":"05-06"},{"name":"La Journée internationale sans régime","date":"05-06"},{"name":"La Journée mondiale du scrapbooking","date":"05-07"},{"name":"La Journée internationale des drones","date":"05-07"},{"name":"La Journée Mondiale des orphelins du SIDA","date":"05-07"},{"name":"La Journée mondiale du jardinage nu","date":"05-07"},{"name":"La Journée Mondiale de La Croix Rouge","date":"05-08"},{"name":"La Journée Mondiale de prière pour les Vocations","date":"05-08"},{"name":"La Journées du souvenir et de la réconciliation en l'honneur des morts de la Seconde Guerre mondiale","date":"05-09"},{"name":"La Journée de l'Europe","date":"05-09"},{"name":"La Journée mondiale du lupus","date":"05-10"},{"name":"La Journée commémorative de l'abolition de l'esclavage en France métropolitaine","date":"05-10"},{"name":"La Journée mondiale des éspèces menacées","date":"05-11"},{"name":"La Journée mondiale de l'Encéphalomyélite Myalgique","date":"05-12"},{"name":"La Journée internationale de la santé des végétaux","date":"05-12"},{"name":"La Journée internationale des femmes en mathématiques","date":"05-12"},{"name":"La Journée Mondiale de la fibromyalgie","date":"05-12"},{"name":"La Journée Internationale de l'infirmière","date":"05-12"},{"name":"La Journée mondiale de l'ingénierie pour l'avenir","date":"05-13"},{"name":"La Journée mondiale de la maladie cœliaque","date":"05-13"},{"name":"La Journée mondiale du commerce équitable","date":"05-14"},{"name":"La Journée internationale des objecteurs de conscience","date":"05-15"},{"name":"La Jour de l'orgue","date":"05-15"},{"name":"La Journée Internationale des familles","date":"05-15"},{"name":"La Journée internationale du vivre ensemble","date":"05-16"},{"name":"La Journée internationale de la lumière","date":"05-16"},{"name":"La Journée internationale contre l'homophobie","date":"05-17"},{"name":"La Journée Mondiale des Télécommunications","date":"05-17"},{"name":"La Journée Mondiale contre l'hypertension","date":"05-17"},{"name":"La Journée Internationale des musées","date":"05-18"},{"name":"La Journée mondiale des MICI","date":"05-19"},{"name":"La Journée européenne de la mer","date":"05-20"},{"name":"La Journée mondiale des abeilles","date":"05-20"},{"name":"La Journée mondiale de la métrologie","date":"05-20"},{"name":"La Journée Mondiale de la diversité culturelle pour le dialogue et le développement","date":"05-21"},{"name":"La Journée internationale du thé","date":"05-21"},{"name":"La Journée mondiale des poissons migrateurs","date":"05-21"},{"name":"La Journée Mondiale de la biodiversité","date":"05-22"},{"name":"La Journée (nationale) du marin","date":"05-23"},{"name":"La Journée mondiale de la tortue","date":"05-23"},{"name":"La Journée mondiale du bricolage","date":"05-24"},{"name":"La Journée mondiale de la thyroïde","date":"05-25"},{"name":"La Journée Mondiale des enfants disparus","date":"05-25"},{"name":"La Journée internationale des Geek","date":"05-25"},{"name":"La Journée Mondiale de l'Afrique","date":"05-25"},{"name":"La Journée mondiale de la serviette","date":"05-25"},{"name":"La Journée nationale de la résistance","date":"05-27"},{"name":"La Journée Internationale d'action pour la santé des femmes","date":"05-28"},{"name":"La Journée mondiale de l'hygiène menstruelle","date":"05-28"},{"name":"La Fête mondiale du jeu","date":"05-28"},{"name":"La Journée mondiale des communications sociales","date":"05-29"},{"name":"La Journée Internationale des casques bleus","date":"05-29"},{"name":"La Journée mondiale pour le droit aux origines","date":"05-30"},{"name":"La Journée mondiale de la sclérose en plaques","date":"05-30"},{"name":"La Journée Mondiale sans tabac","date":"05-31"},{"name":"La Journée mondiale des parents","date":"06-01"},{"name":"La Journée mondiale du lait","date":"06-01"},{"name":"La Journée mondiale de la course à pieds","date":"06-01"},{"name":"La Semaine Nationale de sensibilisation à l'hémochromatose","date":"06-01"},{"name":"La Journée Mondiale pour un Tourisme Responsable et Respectueux","date":"06-02"},{"name":"La Journée mondiale des TCA","date":"06-02"},{"name":"La Journée mondiale pour le vélo","date":"06-03"},{"name":"La Journée nationale du donut","date":"06-03"},{"name":"La Journée Internationale des enfants victimes innocentes d'agression","date":"06-04"},{"name":"La Journée mondiale du naturisme","date":"06-05"},{"name":"La Journée Mondiale de l'environnement","date":"06-05"},{"name":"La Journée mondiale de la maladie de Verneuil","date":"06-06"},{"name":"La Journée mondiale de l'orthoptique","date":"06-06"},{"name":"La Journée mondiale des ravageurs","date":"06-06"},{"name":"La Journée de la mini-jupe","date":"06-06"},{"name":"La Journée mondiale des martinets","date":"06-07"},{"name":"La Journée nationale d'hommage aux morts pour la France en Indochine","date":"06-08"},{"name":"La Journée Mondiale des océans","date":"06-08"},{"name":"La Journée mondiale anti contrefaçon","date":"06-08"},{"name":"La Journée mondiale de l'accréditation","date":"06-09"},{"name":"La Journée Internationale des Archives","date":"06-09"},{"name":"La journée mondiale de sensibilisation aux passages à niveau","date":"06-10"},{"name":"La Journée internationale de la NASH","date":"06-10"},{"name":"La La Nuit du handicap","date":"06-11"},{"name":"La Journée mondiale du tricot","date":"06-11"},{"name":"La Journée mondiale de la poupée","date":"06-11"},{"name":"La Journée mondiale du bien-être","date":"06-11"},{"name":"La Journée nationale de sensibilisation au TDAH","date":"06-12"},{"name":"La Journée Mondiale contre le travail des enfants","date":"06-12"},{"name":"La Semaine nationale de dépistage du cancer de la peau","date":"06-12"},{"name":"La Journée internationale de sensibilisation à l'albinisme","date":"06-13"},{"name":"La Journée internationale du procès équitable","date":"06-14"},{"name":"La Journée Mondiale des donneurs de sang","date":"06-14"},{"name":"La Journée européenne du vent (de l'énergie éolienne)","date":"06-15"},{"name":"La Journée mondiale de lutte contre la maltraitance des personnes âgées","date":"06-15"},{"name":"La Journées de lutte contre les ambroisies","date":"06-15"},{"name":"La Journée nationale de l'agriculture","date":"06-16"},{"name":"La Journée nationale de la santé du pied","date":"06-16"},{"name":"La Journée Mondiale de l'enfant Africain","date":"06-16"},{"name":"La Journée Mondiale de lutte contre la désertification et la sécheresse","date":"06-17"},{"name":"La Journée de la gastronomie durable","date":"06-18"},{"name":"La Journée internationale du sushi","date":"06-18"},{"name":"La Journée internationale du surf","date":"06-18"},{"name":"La Journée Mondiale de la drépanocytose","date":"06-19"},{"name":"La journée internationale pour l'élimination de la violence sexuelle en temps de conflit","date":"06-19"},{"name":"La Journée Mondiale des réfugiés","date":"06-20"},{"name":"La Journée mondiale de la myopathie FSH","date":"06-20"},{"name":"La Journée mondiale du tennis","date":"06-20"},{"name":"La Journée mondiale de la moto","date":"06-21"},{"name":"La Journée Mondiale du yoga","date":"06-21"},{"name":"La Journée mondiale de l'hydrographie","date":"06-21"},{"name":"La Journée internationale de la girafe","date":"06-21"},{"name":"La Journée Mondiale de la Sclérose Latérale Amyotrophique","date":"06-21"},{"name":"La Journée internationale de la lenteur","date":"06-21"},{"name":"La Journée nationale de réflexion sur le don d'organes et la greffe","date":"06-22"},{"name":"La Journée olympique mondiale","date":"06-23"},{"name":"La Journée mondiale des veuves","date":"06-23"},{"name":"La Journée mondiale pour la fonction publique","date":"06-23"},{"name":"La Journée mondiale des amoureux de l'Alsace","date":"06-24"},{"name":"La Journée Mondiale contre l'abandon des animaux de compagnie","date":"06-25"},{"name":"La Journée mondiale des gens de mer","date":"06-25"},{"name":"La Journée mondiale du vitiligo","date":"06-25"},{"name":"La Journée nationale des sauveteurs en mer","date":"06-25"},{"name":"La Journée Internationale contre l'abus et le trafic illicite de drogues","date":"06-26"},{"name":"La Journée internationale du dépistage de la scoliose","date":"06-26"},{"name":"La Journée Internationale des Nations Unies pour le soutien aux victimes de la torture","date":"06-26"},{"name":"La Journée mondiale des micro, petites et moyennes entreprises","date":"06-27"},{"name":"La Journée internationale de la phénylcétonurie (PCU)","date":"06-28"},{"name":"La Journée mondiale de la majuscule (Caps Lock Day)","date":"06-28"},{"name":"La Journée mondiale du Petit Prince","date":"06-29"},{"name":"La Journée mondiale des astéroïdes","date":"06-30"},{"name":"La Journée mondiale du bandeau blanc contre la pauvreté","date":"07-01"},{"name":"La Journée mondiale du reggae","date":"07-01"},{"name":"La Journée internationale des coopératives","date":"07-02"},{"name":"La Journée mondiale des OVNI","date":"07-02"},{"name":"La Journée mondiale sans sacs plastique","date":"07-03"},{"name":"La Journée Internationale du baiser","date":"07-06"},{"name":"La National Video Game Day","date":"07-08"},{"name":"La Journée de la destruction des armes légères","date":"07-09"},{"name":"La Journée mondiale des Femmes sans voiles","date":"07-10"},{"name":"La Journée Mondiale de la population","date":"07-11"},{"name":"La Journée Mondiale de l'Orque","date":"07-14"},{"name":"La Journée mondiale des compétences des jeunes","date":"07-15"},{"name":"La Journée mondiale des serpents","date":"07-16"},{"name":"La Journée mondiale des émojis","date":"07-17"},{"name":"La Journée mondiale de la justice internationale","date":"07-17"},{"name":"La Journée internationale Nelson Mandela","date":"07-18"},{"name":"La Journée Internationale des châteaux","date":"07-19"},{"name":"La Journée mondiale du jeu d'échecs","date":"07-20"},{"name":"La Journée mondiale de la poutine","date":"07-20"},{"name":"La Journée mondiale de la malbouffe","date":"07-21"},{"name":"La Journée mondiale des dauphins","date":"07-23"},{"name":"La Journée mondiale des grands-parents et des personnes âgées","date":"07-24"},{"name":"La journée internationale des cousins et cousines","date":"07-24"},{"name":"La Journée nationale* de la tequila","date":"07-24"},{"name":"La Journées mondiales de la jeunesse","date":"07-26"},{"name":"La journée internationale pour la conservation de l’écosystème des mangroves","date":"07-26"},{"name":"La Journée internationale du fonio","date":"07-27"},{"name":"La Journée mondiale contre l'hépatite","date":"07-28"},{"name":"La Journée internationale du tigre","date":"07-29"},{"name":"La Journée nationale du rouge à lèvres","date":"07-29"},{"name":"La Journée Mondiale des administrateurs système","date":"07-29"},{"name":"La Journée mondiale de la dignité des victimes de la traite d’êtres humains","date":"07-30"},{"name":"La Journée internationale de l'amitié","date":"07-30"},{"name":"La Journée internationale de la femme africaine","date":"07-31"},{"name":"La Journée internationale de la frite belge","date":"08-01"},{"name":"La Semaine Mondiale de l'allaitement maternel","date":"08-01"},{"name":"La Journée Mondiale du Capoeiriste","date":"08-03"},{"name":"La Journée mondiale de la bière","date":"08-05"},{"name":"La Journée internationale du chat","date":"08-08"},{"name":"La Journée Internationale des Populations autochtones","date":"08-09"},{"name":"La Journée mondiale du lion","date":"08-10"},{"name":"La Journée mondiale du Steel Pan","date":"08-11"},{"name":"La Journée Internationale de la jeunesse","date":"08-12"},{"name":"La Journée mondiale des éléphants","date":"08-12"},{"name":"La Journée internationale des gauchers","date":"08-13"},{"name":"La Journée mondiale du cerf-volant","date":"08-16"},{"name":"La Journée internationale du chat noir","date":"08-17"},{"name":"La Journée mondiale des orangs-outans","date":"08-19"},{"name":"La Journée mondiale de l'aide humanitaire","date":"08-19"},{"name":"La Journée mondiale de la photographie","date":"08-19"},{"name":"La Journée internationale du géocaching","date":"08-20"},{"name":"La Journée mondiale du moustique","date":"08-20"},{"name":"La Journée mondiale Topless","date":"08-21"},{"name":"La Journée Internationale du souvenir en hommage aux victimes du terrorisme","date":"08-21"},{"name":"La Journée internationale de commémoration des personnes victimes de violences en raison de leur religion ou convictions","date":"08-22"},{"name":"La Journée Internationale du souvenir de la traite negrière et de son abolition","date":"08-23"},{"name":"La Cela fait 6 mois que la Russie a déclaré la guerre à son voisin Ukrainien","date":"08-24"},{"name":"La Journée mondiale du chien","date":"08-26"},{"name":"La Nuit internationale de la chauve-souris","date":"08-27"},{"name":"La Journée mondiale pour la fin du spécisme","date":"08-27"},{"name":"La Journée du nœud papillon","date":"08-28"},{"name":"La Journée Internationale contre les essais nucléaires","date":"08-29"},{"name":"La Journée Internationale des personnes disparues","date":"08-30"},{"name":"La Journée mondiale du blog","date":"08-31"},{"name":"La Journée internationale de prévention des overdoses","date":"08-31"},{"name":"La Journée mondiale de prière pour la Création","date":"09-01"},{"name":"La Jour de la démocratie [au Tibet]","date":"09-02"},{"name":"La Journée mondiale de la barbe","date":"09-03"},{"name":"La Journée mondiale des gratte-ciel","date":"09-03"},{"name":"La Journée internationale de sensibilisation aux vautours","date":"09-03"},{"name":"La Journée mondiale de la santé sexuelle","date":"09-04"},{"name":"La Journée internationale de la charité","date":"09-05"},{"name":"La Journée internationale du Blessé Médullaire","date":"09-05"},{"name":"La Journée mondiale des lymphomes","date":"09-06"},{"name":"La Journées mondiale du fair-play","date":"09-07"},{"name":"La Journée mondiale de la myopathie de Duchenne","date":"09-07"},{"name":"La Journée mondiale de la physiothérapie","date":"09-08"},{"name":"La Journée Internationale de l'alphabétisation","date":"09-08"},{"name":"La Journée mondiale de sensibilisation au syndrome d’alcoolisation fœtale","date":"09-09"},{"name":"La Journée mondiale de la peluche...","date":"09-09"},{"name":"La Journée Mondiale des premiers secours","date":"09-10"},{"name":"La Journée Mondiale de prévention du suicide","date":"09-10"},{"name":"La Journée des grands parents","date":"09-11"},{"name":"La Journée mondiale de lutte contre le terrorisme","date":"09-11"},{"name":"La Journée Internationale des Nations-Unies pour la coopération Sud-Sud","date":"09-12"},{"name":"La Journée Mondiale des programmeurs et développeurs","date":"09-13"},{"name":"La Journée Mondiale contre la Septicémie","date":"09-13"},{"name":"La Journée internationale de la démocratie","date":"09-15"},{"name":"La Journée Internationale pour la liberté de l'instruction","date":"09-15"},{"name":"La Journée Internationale de la protection de la couche d'ozone","date":"09-16"},{"name":"La Journée du transport public","date":"09-16"},{"name":"La Semaine européenne de la mobilité","date":"09-16"},{"name":"La Journée mondiale du nettoyage","date":"09-17"},{"name":"La Journée mondiale du logiciel libre","date":"09-17"},{"name":"La Journée Mondiale de l'Arthrose","date":"09-17"},{"name":"La Journée nationale de la marche nordique","date":"09-17"},{"name":"La Journées européennes du patrimoine","date":"09-18"},{"name":"La Journée Européenne de la psychomotricité","date":"09-19"},{"name":"La Journée internationale du Panda roux","date":"09-19"},{"name":"La Journée Internationale du Parler Pirate","date":"09-19"},{"name":"La Semaine Européenne du développement durable","date":"09-20"},{"name":"La Journée internationale du sport universitaire","date":"09-20"},{"name":"La Journée Européenne de la prostate","date":"09-20"},{"name":"La Journée nationale du refus de l'échec scolaire","date":"09-21"},{"name":"La Journée Internationale de la paix","date":"09-21"},{"name":"La Journée internationale de la bibliodiversité","date":"09-21"},{"name":"La Journée Mondiale de la maladie d'Alzheimer","date":"09-21"},{"name":"La Journée européenne des initiatives citoyennes de transition","date":"09-21"},{"name":"La Journée Mondiale sans voiture","date":"09-22"},{"name":"La Journee mondiale de sensibilisation à la leucémie myéloïde chronique","date":"09-22"},{"name":"La Journée mondiale du rhinocéros","date":"09-22"},{"name":"La Journée internationale des langues des signes","date":"09-23"},{"name":"La Journée de la bisexualité","date":"09-23"},{"name":"La journée internationale de la maladie de Willis-Ekbom","date":"09-23"},{"name":"La Journée Mondiale des sourds","date":"09-24"},{"name":"La Journée Mondiale contre les brevets logiciels","date":"09-24"},{"name":"La Journée mondiale du rêve","date":"09-25"},{"name":"La Journée mondiale des pharmaciens","date":"09-25"},{"name":"La Journée Mondiale du migrant et du réfugié","date":"09-25"},{"name":"La Journée internationale pour l'élimination totale des armes nucléaires","date":"09-26"},{"name":"La Journée mondiale de la contraception","date":"09-26"},{"name":"La Journée Européenne des langues","date":"09-26"},{"name":"La Journée mondiale du tourisme","date":"09-27"},{"name":"La Journée mondiale contre la rage","date":"09-28"},{"name":"La Journée mondiale du droit à l'avortement","date":"09-28"},{"name":"La Journée Internationale du droit d'accès à l'information","date":"09-28"},{"name":"La Journée Mondiale du coeur","date":"09-29"},{"name":"La Nuit européenne des chercheurs","date":"09-30"},{"name":"La Journée mondiale de la traduction","date":"09-30"},{"name":"La Journée Mondiale de la mer","date":"09-30"},{"name":"La Journée internationale du café","date":"10-01"},{"name":"La Journée internationale du raton laveur","date":"10-01"},{"name":"La Journée mondiale de l'urticaire","date":"10-01"},{"name":"La Journée Mondiale du chocolat","date":"10-01"},{"name":"La Journée mondiale du végétarisme","date":"10-01"},{"name":"La Journée Internationale des personnes âgées","date":"10-01"},{"name":"La Journée Internationale de la musique","date":"10-01"},{"name":"La Journée Internationale de la non violence","date":"10-02"},{"name":"La Journée nationale du Petit ami","date":"10-03"},{"name":"La Journée Mondiale de l'habitat","date":"10-03"},{"name":"La Journée mondiale de l'architecture","date":"10-03"},{"name":"La Journée nationale des aveugles et malvoyants","date":"10-04"},{"name":"La Journée Mondiale des animaux","date":"10-04"},{"name":"La Journée Mondiale des enseignantes et des enseignants","date":"10-05"},{"name":"La Journée mondiale de la paralysie cérébrale","date":"10-06"},{"name":"La Journée nationale des aidants","date":"10-06"},{"name":"La Journée mondiale d'action pour le travail décent","date":"10-07"},{"name":"La Journée mondiale des soins palliatifs","date":"10-07"},{"name":"La Journée mondiale du sourire","date":"10-07"},{"name":"La Journée internationale du poulpe","date":"10-08"},{"name":"La Journée mondiale des oiseaux migrateurs","date":"10-08"},{"name":"La Journée Mondiale du handicap","date":"10-09"},{"name":"La Journée Mondiale de La Poste","date":"10-09"},{"name":"La Jour de Christophe Colomb","date":"10-10"},{"name":"La Journée internationale de l'X fragile","date":"10-10"},{"name":"La Journée Mondiale contre la peine de mort","date":"10-10"},{"name":"La Journée Mondiale de la santé mentale","date":"10-10"},{"name":"La Journée Internationale du coming out","date":"10-11"},{"name":"La Journée Internationale des Filles","date":"10-11"},{"name":"La Journée mondiale de l'arthrite","date":"10-12"},{"name":"La Journée internationale de solidarité avec les peuples amérindiens","date":"10-12"},{"name":"La Journée internationale des fossiles","date":"10-12"},{"name":"La Journée mondiale de la thrombose","date":"10-13"},{"name":"La Journée Internationale de la prévention des catastrophes naturelles","date":"10-13"},{"name":"La Journée internationale du hamburger","date":"10-13"},{"name":"La Journée mondiale pour la vue","date":"10-13"},{"name":"La Journée nationale de la sécurité routière","date":"10-13"},{"name":"La Journée nationale de la résilience","date":"10-13"},{"name":"La Journée Mondiale pour la normalisation","date":"10-14"},{"name":"La Journée nationale de la qualité de l'air","date":"10-14"},{"name":"La Journée mondiale de l'oeuf","date":"10-14"},{"name":"La Journée mondiale de sensibilisation au deuil périnatal.","date":"10-15"},{"name":"La Journée nationale des DYS","date":"10-15"},{"name":"La Journée internationale du squash","date":"10-15"},{"name":"La Journée Internationale de la Canne Blanche","date":"10-15"},{"name":"La Journée Internationale de la femme rurale","date":"10-15"},{"name":"La Journée nationale des toxicomanies","date":"10-15"},{"name":"La Journée Mondiale du lavage des mains","date":"10-15"},{"name":"La Journée mondiale du pain","date":"10-16"},{"name":"La Journée Mondiale de l'alimentation","date":"10-16"},{"name":"La Journée mondiale de la colonne vertébrale","date":"10-16"},{"name":"La Journée mondiale du don d'organes et de la greffe","date":"10-17"},{"name":"La Journée Mondiale du refus de la misère","date":"10-17"},{"name":"La Journée mondiale contre la douleur","date":"10-17"},{"name":"La Journée Mondiale de la ménopause","date":"10-18"},{"name":"La Journée mondiale contre le cancer du sein","date":"10-19"},{"name":"La Journée Internationale pour la Résolution des Conflits","date":"10-20"},{"name":"La Journée Mondiale de l'ostéoporose","date":"10-20"},{"name":"La Journée Internationale des Cuisiniers","date":"10-20"},{"name":"La Journée mondiale de la statistique","date":"10-20"},{"name":"La Journée mondiale des vers de terre","date":"10-21"},{"name":"La Journée mondiale de l'énergie","date":"10-22"},{"name":"La Journée Mondiale du bégaiement","date":"10-22"},{"name":"La Journée internationale du léopard des neiges","date":"10-23"},{"name":"La Journée missionnaire mondiale","date":"10-23"},{"name":"La Journée des Nations Unies","date":"10-24"},{"name":"La Journée mondiale de lutte contre la polio","date":"10-24"},{"name":"La Journée Mondiale d'information sur le développement","date":"10-24"},{"name":"La Journée internationale du nanisme","date":"10-25"},{"name":"La Journée Mondiale des pâtes","date":"10-25"},{"name":"La Journée européenne de la justice","date":"10-25"},{"name":"La Mois de l'économie sociale et solidaire","date":"10-26"},{"name":"La Journée mondiale de l'amylose","date":"10-26"},{"name":"La Journée de la visibilité intersexe","date":"10-26"},{"name":"La Journée européenne de la dépression","date":"10-27"},{"name":"La Journée mondiale de l'ergothérapie","date":"10-27"},{"name":"La Journée mondiale du patrimoine audiovisuel","date":"10-27"},{"name":"La Journée mondiale du judo","date":"10-28"},{"name":"La Journée mondiale du Champagne (Champagne' Day)","date":"10-28"},{"name":"La Journée Internationale de la langue et de la culture créoles","date":"10-28"},{"name":"La Journée mondiale du cinéma d'animation","date":"10-28"},{"name":"La Journée Mondiale du psoriasis","date":"10-29"},{"name":"La Journée mondiale des accidents vasculaires cérébraux","date":"10-29"},{"name":"La Journée mondiale de la Vie","date":"10-30"},{"name":"La Journée mondiale de l'épargne","date":"10-31"},{"name":"La Journée Mondiale Végane","date":"11-01"},{"name":"La Journée internationale de la fin de l’impunité pour les crimes commis contre des journalistes","date":"11-02"},{"name":"La Journée Mondiale de la gentillesse","date":"11-03"},{"name":"La Journée du bon sens","date":"11-04"},{"name":"La Journée mondiale de sensibilisation aux tsunamis","date":"11-05"},{"name":"La Journée mondiale de la langue Romani","date":"11-05"},{"name":"La Journée annuelle des parents au bureau","date":"11-05"},{"name":"La Journée Mondiale sans papier","date":"11-06"},{"name":"La Journée Internationale pour la préservation de l'environnement en temps de guerre","date":"11-06"},{"name":"La Journée Internationale de l'écrivain africain","date":"11-07"},{"name":"La Journée internationale de la radiologie","date":"11-08"},{"name":"La Journée mondiale de sensibilisation aux tumeurs neuro-endocrines","date":"11-10"},{"name":"La Journée mondiale de l'utilisabilité","date":"11-10"},{"name":"La Journée nationale de lutte contre le harcèlement scolaire","date":"11-10"},{"name":"La Journée mondiale du kératocône","date":"11-10"},{"name":"La Journée Mondiale de la science au service de la paix et du développement","date":"11-10"},{"name":"La Journée internationale des stagiaires","date":"11-10"},{"name":"La Journée internationale des célibataires","date":"11-11"},{"name":"La Journée mondiale de la qualité","date":"11-11"},{"name":"La Journée mondiale de la vasectomie","date":"11-12"},{"name":"La Journée Mondiale de la pneumonie","date":"11-12"},{"name":"La Journée mondiale des pauvres","date":"11-13"},{"name":"La Semaine mondiale de l'entrepreneur","date":"11-14"},{"name":"La Journée mondiale du diabète","date":"11-14"},{"name":"La Journée mondiale des écrivains en prison","date":"11-15"},{"name":"La Journée internationale des GIS (systèmes d'information géographiques)","date":"11-16"},{"name":"La Journée Internationale de la tolérance","date":"11-16"},{"name":"La Journée Mondiale de la Prématurité","date":"11-17"},{"name":"La Journée de la Philosophie à l'UNESCO","date":"11-17"},{"name":"La Journée mondiale du jeu vidéo","date":"11-18"},{"name":"La Journée européenne d'information sur les antibiotiques","date":"11-18"},{"name":"La Journée nationale des assistantes maternelles","date":"11-19"},{"name":"La Journée Mondiale des toilettes","date":"11-19"},{"name":"La Journée mondiale pour la prévention des abus envers les enfants","date":"11-19"},{"name":"La Journée internationale de l'homme","date":"11-19"},{"name":"La Journée internationale du souvenir trans","date":"11-20"},{"name":"La Journée Mondiale pour l'industrialisation de l'Afrique","date":"11-20"},{"name":"La Journée Internationale des droits de l'enfant","date":"11-20"},{"name":"La Journée mondiale du souvenir des victimes des accidents de la route","date":"11-20"},{"name":"La Journée nationale contre l'herpés","date":"11-20"},{"name":"La Journée mondiale contre les Broncho-Pneumopathies Chroniques Obstructives","date":"11-21"},{"name":"La Journée Mondiale des pecheurs artisans et des travailleurs de la mer","date":"11-21"},{"name":"La Journée Mondiale de la Télévision","date":"11-21"},{"name":"La Semaine européenne de réduction des déchets","date":"11-22"},{"name":"La C'est la journée de la chicorée","date":"11-23"},{"name":"La Journée internationale des professeurs de français","date":"11-24"},{"name":"La Journée internationale de la Bible","date":"11-24"},{"name":"La Journée mondiale anti foie gras","date":"11-25"},{"name":"La Journée Internationale pour l'élimination de la violence à l'égard des femmes","date":"11-25"},{"name":"La Journée mondiale de l'olivier","date":"11-26"},{"name":"La Journée internationale des aides-soignants","date":"11-26"},{"name":"La Journée Mondiale Sans Achats","date":"11-26"},{"name":"C'est le jour du chou-fleur !","date":"11-27"},{"name":"La journée nationale de la Santé à Domicile","date":"11-28"},{"name":"La Journée mondiale de la générosité","date":"11-29"},{"name":"La Journée Internationale de solidarité avec le peuple palestinien","date":"11-29"},{"name":"La Journée mondiale des Villes pour la Vie","date":"11-30"},{"name":"La Journée Mondiale de la lutte contre le SIDA","date":"12-01"},{"name":"La Journée Internationale pour l'abolition de l'esclavage","date":"12-02"},{"name":"La Journée internationale de la samba","date":"12-02"},{"name":"La Journée Internationale des personnes handicapées","date":"12-03"},{"name":"La Journée internationale des banques","date":"12-04"},{"name":"La Journée mondiale des sols","date":"12-05"},{"name":"La Journée Mondiale de l'égalité des chances","date":"12-05"},{"name":"La Journée mondiale du bénévolat","date":"12-05"},{"name":"La Journée Internationale du Ninja","date":"12-05"},{"name":"La journée française de la maladie d'Huntington","date":"12-06"},{"name":"La Journée Internationale de l'aviation civile","date":"12-07"},{"name":"La Journée Mondiale du Climat","date":"12-08"},{"name":"La Journée Mondiale des Nations Unies contre la corruption","date":"12-09"},{"name":"La Journée internationale de prévention des génocides","date":"12-09"},{"name":"La Journée nationale de la laïcité","date":"12-09"},{"name":"La Journée Mondiale des droits de l'Homme","date":"12-10"},{"name":"La Journée internationale pour les droits des animaux","date":"12-10"},{"name":"La Journée Internationale de la montagne","date":"12-11"},{"name":"La Journée internationale de la musique Métal","date":"12-12"},{"name":"La Journée mondiale du chant choral","date":"12-12"},{"name":"La Journée mondiale des enfants partis trop tôt.","date":"12-12"},{"name":"La Journée mondiale des Otakus","date":"12-13"},{"name":"La Journée mondiale de rien du tout","date":"12-14"},{"name":"La Journée [universelle] de l'esperanto","date":"12-15"},{"name":"La Journée internationale du pull de Noël","date":"12-16"},{"name":"La Journée internationale de lutte contre les violences faites aux travailleuses du sexe","date":"12-17"},{"name":"La Journée internationale des migrants","date":"12-18"},{"name":"La Journée mondiale pour la langue Arabe","date":"12-18"},{"name":"La Journée internationale de la solidarité humaine","date":"12-20"},{"name":"La Journée Mondiale de l'Orgasme...","date":"12-21"},{"name":"C'est pas une raison pour ne pas souhaiter un Joyeux Noël !","date":"12-25"},{"name":"La C'est le jour des boites...","date":"12-26"},{"name":"La Journée internationale de la préparation aux épidémies","date":"12-27"},{"name":"La On en profite pour répondre à une question parfois posée...","date":"12-30"},{"name":"Nous vous souhaitons une bonne année.","date":"12-31"}]